ID,IP,To
1,10.0.0.1,"2,5"
2,10.0.0.2,"3,6"
3,10.0.0.3,"4,7"
4,10.0.0.4,"5,8"
5,10.0.0.5,"6,9"
6,10.0.0.6,"7,10,11"
7,10.0.0.7,"8,1"
8,10.0.0.8,"9,2"
9,10.0.0.9,"10,3"
10,10.0.0.10,"1,4"
11,10.0.0.11,"12,15"
12,10.0.0.12,"13,16"
13,10.0.0.13,"14,17"
14,10.0.0.14,"15,18"
15,10.0.0.15,"16,19"
16,10.0.0.16,"17,20,21"
17,10.0.0.17,"18,11"
18,10.0.0.18,"19,12"
19,10.0.0.19,"20,13"
20,10.0.0.20,"11,14"
21,10.0.0.21,"22,25"
22,10.0.0.22,"23,26"
23,10.0.0.23,"24,27"
24,10.0.0.24,"25,28"
25,10.0.0.25,"26,29"
26,10.0.0.26,"27,30,31"
27,10.0.0.27,"28,21"
28,10.0.0.28,"29,22"
29,10.0.0.29,"30,23"
30,10.0.0.30,"21,24"
31,10.0.0.31,"32,35"
32,10.0.0.32,"33,36"
33,10.0.0.33,"34,37"
34,10.0.0.34,"35,38"
35,10.0.0.35,"36,39"
36,10.0.0.36,"37,40,41"
37,10.0.0.37,"38,31"
38,10.0.0.38,"39,32"
39,10.0.0.39,"40,33"
40,10.0.0.40,"31,34"
41,10.0.0.41,"42,45"
42,10.0.0.42,"43,46"
43,10.0.0.43,"44,47"
44,10.0.0.44,"45,48"
45,10.0.0.45,"46,49"
46,10.0.0.46,"47,50,51"
47,10.0.0.47,"48,41"
48,10.0.0.48,"49,42"
49,10.0.0.49,"50,43"
50,10.0.0.50,"41,44"
51,10.0.0.51,"52,55"
52,10.0.0.52,"53,56"
53,10.0.0.53,"54,57"
54,10.0.0.54,"55,58"
55,10.0.0.55,"56,59"
56,10.0.0.56,"57,60,61"
57,10.0.0.57,"58,51"
58,10.0.0.58,"59,52"
58,10.0.0.59,"60,53"
60,10.0.0.60,"51,54"
61,10.0.0.61,"62,65"
62,10.0.0.62,"63,66"
63,10.0.0.63,"64,67"
64,10.0.0.64,"65,68"
65,10.0.0.65,"66,69"
66,10.0.0.66,"67,70,71"
67,10.0.0.67,"68,61"
68,10.0.0.68,"69,62"
69,10.0.0.69,"70,63"
70,10.0.0.70,"61,64"
71,10.0.0.71,"72,75"
72,10.0.0.72,"73,76"
73,10.0.0.73,"74,77"
74,10.0.0.74,"75,78"
75,10.0.0.75,"76,79"
76,10.0.0.76,"77,80,81"
77,10.0.0.77,"78,71"
78,10.0.0.78,"79,72"
79,10.0.0.79,"80,73"
80,10.0.0.80,"71,74"
81,10.0.0.81,"82,85"
82,10.0.0.82,"83,86"
83,10.0.0.83,"84,87"
84,10.0.0.84,"85,88"
85,10.0.0.85,"86,89"
86,10.0.0.86,"87,90,91"
87,10.0.0.87,"88,81"
88,10.0.0.88,"89,82"
89,10.0.0.89,"90,83"
90,10.0.0.90,"81,84"
91,10.0.0.91,"92,95"
92,10.0.0.92,"93,96"
93,10.0.0.93,"94,97"
94,10.0.0.94,"95,98"
95,10.0.0.95,"96,99"
96,10.0.0.96,"97,100,1"
97,10.0.0.97,"98,91"
98,10.0.0.98,"99,92"
99,10.0.0.99,"100,93"
100,10.0.0.100,"91,94"